dataset,tanggal,valid_fraction_percent
48_wajo_jan_apr_2023,20230107,61.76
48_wajo_jan_apr_2023,20230111,100.0
48_wajo_jan_apr_2023,20230112,91.79
48_wajo_jan_apr_2023,20230119,61.38
48_wajo_jan_apr_2023,20230123,100.0
48_wajo_jan_apr_2023,20230124,91.37
48_wajo_jan_apr_2023,20230131,61.71
48_wajo_jan_apr_2023,20230204,100.0
48_wajo_jan_apr_2023,20230205,91.49
48_wajo_jan_apr_2023,20230212,61.83
48_wajo_jan_apr_2023,20230216,100.0
48_wajo_jan_apr_2023,20230224,61.7
48_wajo_jan_apr_2023,20230228,100.0
48_wajo_jan_apr_2023,20230301,91.48
48_wajo_jan_apr_2023,20230308,61.66
48_wajo_jan_apr_2023,20230312,100.0
48_wajo_jan_apr_2023,20230313,91.58
48_wajo_jan_apr_2023,20230320,61.8
48_wajo_jan_apr_2023,20230324,100.0
48_wajo_jan_apr_2023,20230325,91.43
48_wajo_jan_apr_2023,20230401,61.91
48_wajo_jan_apr_2023,20230405,100.0
48_wajo_jan_apr_2023,20230413,61.98
48_wajo_jan_apr_2023,20230417,100.0
48_wajo_jan_apr_2023,20230418,91.65
48_wajo_jan_apr_2023,20230425,61.77
48_wajo_jan_apr_2023,20230429,100.0
48_wajo_jan_apr_2023,20230430,91.48
49_wajo_mei_agt_2023,20230507,61.88
49_wajo_mei_agt_2023,20230512,91.58
49_wajo_mei_agt_2023,20230519,61.93
49_wajo_mei_agt_2023,20230523,100.0
49_wajo_mei_agt_2023,20230524,91.71
49_wajo_mei_agt_2023,20230531,61.96
49_wajo_mei_agt_2023,20230604,100.0
49_wajo_mei_agt_2023,20230605,91.73
49_wajo_mei_agt_2023,20230612,61.81
49_wajo_mei_agt_2023,20230616,98.9
49_wajo_mei_agt_2023,20230617,91.54
49_wajo_mei_agt_2023,20230624,61.91
49_wajo_mei_agt_2023,20230629,91.83
49_wajo_mei_agt_2023,20230706,61.79
49_wajo_mei_agt_2023,20230711,91.46
49_wajo_mei_agt_2023,20230718,61.77
49_wajo_mei_agt_2023,20230723,91.96
49_wajo_mei_agt_2023,20230730,61.84
49_wajo_mei_agt_2023,20230804,91.27
49_wajo_mei_agt_2023,20230811,61.39
49_wajo_mei_agt_2023,20230815,100.0
49_wajo_mei_agt_2023,20230816,91.68
49_wajo_mei_agt_2023,20230823,61.76
49_wajo_mei_agt_2023,20230827,100.0
49_wajo_mei_agt_2023,20230828,91.49
50_wajo_sep_dec_2023,20230904,61.94
50_wajo_sep_dec_2023,20230908,100.0
50_wajo_sep_dec_2023,20230909,91.5
50_wajo_sep_dec_2023,20230916,61.81
50_wajo_sep_dec_2023,20230920,100.0
50_wajo_sep_dec_2023,20230921,91.55
50_wajo_sep_dec_2023,20230928,61.75
50_wajo_sep_dec_2023,20231002,100.0
50_wajo_sep_dec_2023,20231003,91.53
50_wajo_sep_dec_2023,20231010,61.48
50_wajo_sep_dec_2023,20231014,100.0
50_wajo_sep_dec_2023,20231015,91.58
50_wajo_sep_dec_2023,20231022,61.96
50_wajo_sep_dec_2023,20231026,100.0
50_wajo_sep_dec_2023,20231027,91.62
50_wajo_sep_dec_2023,20231103,61.79
50_wajo_sep_dec_2023,20231107,100.0
50_wajo_sep_dec_2023,20231108,91.87
50_wajo_sep_dec_2023,20231115,61.92
50_wajo_sep_dec_2023,20231119,100.0
50_wajo_sep_dec_2023,20231120,91.36
50_wajo_sep_dec_2023,20231201,100.0
50_wajo_sep_dec_2023,20231209,61.87
50_wajo_sep_dec_2023,20231213,100.0
50_wajo_sep_dec_2023,20231214,91.47
50_wajo_sep_dec_2023,20231221,61.44
50_wajo_sep_dec_2023,20231225,100.0
40_wajo_jan_apr_2024,20240102,61.65
40_wajo_jan_apr_2024,20240106,100.0
40_wajo_jan_apr_2024,20240107,91.6
40_wajo_jan_apr_2024,20240114,61.74
40_wajo_jan_apr_2024,20240118,100.0
40_wajo_jan_apr_2024,20240130,100.0
40_wajo_jan_apr_2024,20240207,61.75
40_wajo_jan_apr_2024,20240211,100.0
40_wajo_jan_apr_2024,20240212,91.47
40_wajo_jan_apr_2024,20240219,61.85
40_wajo_jan_apr_2024,20240223,100.0
40_wajo_jan_apr_2024,20240302,61.99
40_wajo_jan_apr_2024,20240306,100.0
40_wajo_jan_apr_2024,20240307,91.57
40_wajo_jan_apr_2024,20240314,61.84
40_wajo_jan_apr_2024,20240318,100.0
40_wajo_jan_apr_2024,20240319,91.5
40_wajo_jan_apr_2024,20240326,61.47
40_wajo_jan_apr_2024,20240330,100.0
40_wajo_jan_apr_2024,20240331,91.5
40_wajo_jan_apr_2024,20240407,61.85
40_wajo_jan_apr_2024,20240411,100.0
40_wajo_jan_apr_2024,20240412,92.55
40_wajo_jan_apr_2024,20240419,61.77
40_wajo_jan_apr_2024,20240423,100.0
40_wajo_jan_apr_2024,20240424,91.78
41_wajo_mei_agt_2024,20240501,61.82
41_wajo_mei_agt_2024,20240505,100.0
41_wajo_mei_agt_2024,20240506,91.4
41_wajo_mei_agt_2024,20240513,61.5
41_wajo_mei_agt_2024,20240517,99.94
41_wajo_mei_agt_2024,20240518,91.36
41_wajo_mei_agt_2024,20240525,61.82
41_wajo_mei_agt_2024,20240530,91.52
41_wajo_mei_agt_2024,20240606,61.59
41_wajo_mei_agt_2024,20240610,100.0
41_wajo_mei_agt_2024,20240611,91.69
41_wajo_mei_agt_2024,20240618,61.75
41_wajo_mei_agt_2024,20240622,99.94
41_wajo_mei_agt_2024,20240623,91.55
41_wajo_mei_agt_2024,20240630,61.6
41_wajo_mei_agt_2024,20240704,100.0
41_wajo_mei_agt_2024,20240705,91.58
41_wajo_mei_agt_2024,20240712,61.69
41_wajo_mei_agt_2024,20240716,99.94
41_wajo_mei_agt_2024,20240717,91.59
41_wajo_mei_agt_2024,20240724,61.55
41_wajo_mei_agt_2024,20240728,99.94
41_wajo_mei_agt_2024,20240729,91.61
41_wajo_mei_agt_2024,20240805,61.75
41_wajo_mei_agt_2024,20240809,99.94
41_wajo_mei_agt_2024,20240810,91.55
41_wajo_mei_agt_2024,20240817,61.88
41_wajo_mei_agt_2024,20240821,100.0
41_wajo_mei_agt_2024,20240822,91.5
41_wajo_mei_agt_2024,20240829,61.79
51_wajo_sep_dec_2024,20240902,100.0
51_wajo_sep_dec_2024,20240903,91.63
51_wajo_sep_dec_2024,20240910,61.7
51_wajo_sep_dec_2024,20240914,100.0
51_wajo_sep_dec_2024,20240915,91.38
51_wajo_sep_dec_2024,20240922,61.84
51_wajo_sep_dec_2024,20240926,100.0
51_wajo_sep_dec_2024,20240927,91.74
51_wajo_sep_dec_2024,20241004,61.55
51_wajo_sep_dec_2024,20241008,100.0
51_wajo_sep_dec_2024,20241009,91.26
51_wajo_sep_dec_2024,20241016,61.68
51_wajo_sep_dec_2024,20241020,100.0
51_wajo_sep_dec_2024,20241021,91.59
51_wajo_sep_dec_2024,20241028,61.8
51_wajo_sep_dec_2024,20241101,100.0
51_wajo_sep_dec_2024,20241102,91.55
51_wajo_sep_dec_2024,20241109,61.82
51_wajo_sep_dec_2024,20241113,100.0
51_wajo_sep_dec_2024,20241114,91.59
51_wajo_sep_dec_2024,20241121,61.77
51_wajo_sep_dec_2024,20241125,100.0
51_wajo_sep_dec_2024,20241126,91.71
51_wajo_sep_dec_2024,20241203,61.77
51_wajo_sep_dec_2024,20241207,100.0
51_wajo_sep_dec_2024,20241208,91.51
51_wajo_sep_dec_2024,20241215,61.85
51_wajo_sep_dec_2024,20241219,100.0
51_wajo_sep_dec_2024,20241220,91.59
51_wajo_sep_dec_2024,20241227,61.74
51_wajo_sep_dec_2024,20241231,100.0
37_wajo_jan_apr_2025,20250101,91.44
37_wajo_jan_apr_2025,20250108,61.78
37_wajo_jan_apr_2025,20250112,100.0
37_wajo_jan_apr_2025,20250113,91.48
37_wajo_jan_apr_2025,20250120,61.72
37_wajo_jan_apr_2025,20250124,99.94
37_wajo_jan_apr_2025,20250125,91.51
37_wajo_jan_apr_2025,20250201,61.75
37_wajo_jan_apr_2025,20250205,99.94
37_wajo_jan_apr_2025,20250206,91.9
37_wajo_jan_apr_2025,20250213,61.8
37_wajo_jan_apr_2025,20250217,100.0
37_wajo_jan_apr_2025,20250218,91.64
37_wajo_jan_apr_2025,20250225,61.59
37_wajo_jan_apr_2025,20250301,100.0
37_wajo_jan_apr_2025,20250302,91.97
37_wajo_jan_apr_2025,20250309,61.88
37_wajo_jan_apr_2025,20250313,100.0
37_wajo_jan_apr_2025,20250314,91.49
37_wajo_jan_apr_2025,20250321,58.17
37_wajo_jan_apr_2025,20250325,100.0
37_wajo_jan_apr_2025,20250326,91.66
37_wajo_jan_apr_2025,20250331,99.94
37_wajo_jan_apr_2025,20250401,90.65
37_wajo_jan_apr_2025,20250402,62.03
37_wajo_jan_apr_2025,20250406,100.0
37_wajo_jan_apr_2025,20250407,91.39
37_wajo_jan_apr_2025,20250412,99.94
37_wajo_jan_apr_2025,20250413,90.95
37_wajo_jan_apr_2025,20250414,61.63
37_wajo_jan_apr_2025,20250418,99.94
37_wajo_jan_apr_2025,20250419,91.6
37_wajo_jan_apr_2025,20250424,100.0
37_wajo_jan_apr_2025,20250426,62.14
37_wajo_jan_apr_2025,20250430,100.0
38_wajo_mei_agt_2025,20250501,91.51
38_wajo_mei_agt_2025,20250506,100.0
38_wajo_mei_agt_2025,20250507,91.34
38_wajo_mei_agt_2025,20250508,61.77
38_wajo_mei_agt_2025,20250513,91.56
38_wajo_mei_agt_2025,20250518,100.0
38_wajo_mei_agt_2025,20250519,91.34
38_wajo_mei_agt_2025,20250520,61.65
38_wajo_mei_agt_2025,20250524,100.0
38_wajo_mei_agt_2025,20250525,91.59
38_wajo_mei_agt_2025,20250530,100.0
38_wajo_mei_agt_2025,20250531,90.62
38_wajo_mei_agt_2025,20250601,61.73
38_wajo_mei_agt_2025,20250605,100.0
38_wajo_mei_agt_2025,20250606,91.64
38_wajo_mei_agt_2025,20250611,100.0
38_wajo_mei_agt_2025,20250612,90.69
38_wajo_mei_agt_2025,20250613,61.66
38_wajo_mei_agt_2025,20250617,100.0
38_wajo_mei_agt_2025,20250618,91.7
38_wajo_mei_agt_2025,20250623,99.99
38_wajo_mei_agt_2025,20250624,90.58
38_wajo_mei_agt_2025,20250625,61.75
38_wajo_mei_agt_2025,20250629,100.0
38_wajo_mei_agt_2025,20250630,91.56
38_wajo_mei_agt_2025,20250705,100.0
38_wajo_mei_agt_2025,20250706,90.58
38_wajo_mei_agt_2025,20250707,61.79
38_wajo_mei_agt_2025,20250711,100.0
38_wajo_mei_agt_2025,20250712,91.68
38_wajo_mei_agt_2025,20250717,100.0
38_wajo_mei_agt_2025,20250718,90.69
38_wajo_mei_agt_2025,20250719,61.67
38_wajo_mei_agt_2025,20250724,91.73
38_wajo_mei_agt_2025,20250729,99.99
38_wajo_mei_agt_2025,20250730,90.7
38_wajo_mei_agt_2025,20250731,61.72
38_wajo_mei_agt_2025,20250804,100.0
38_wajo_mei_agt_2025,20250805,91.61
38_wajo_mei_agt_2025,20250810,100.0
38_wajo_mei_agt_2025,20250811,90.64
38_wajo_mei_agt_2025,20250812,61.7
38_wajo_mei_agt_2025,20250816,100.0
38_wajo_mei_agt_2025,20250817,91.59
38_wajo_mei_agt_2025,20250822,100.0
38_wajo_mei_agt_2025,20250823,90.65
38_wajo_mei_agt_2025,20250824,61.75
38_wajo_mei_agt_2025,20250828,99.99
38_wajo_mei_agt_2025,20250829,91.61
39_wajo_sep_dec_2025,20250903,99.99
39_wajo_sep_dec_2025,20250904,90.86
39_wajo_sep_dec_2025,20250905,61.62
39_wajo_sep_dec_2025,20250909,100.0
39_wajo_sep_dec_2025,20250910,91.49
39_wajo_sep_dec_2025,20250915,100.0
39_wajo_sep_dec_2025,20250916,90.64
39_wajo_sep_dec_2025,20250917,61.7
39_wajo_sep_dec_2025,20250921,99.99
39_wajo_sep_dec_2025,20250922,91.6
39_wajo_sep_dec_2025,20250927,100.0
39_wajo_sep_dec_2025,20250928,90.62
39_wajo_sep_dec_2025,20250929,61.77
39_wajo_sep_dec_2025,20251003,100.0
39_wajo_sep_dec_2025,20251004,91.73
39_wajo_sep_dec_2025,20251009,99.99
39_wajo_sep_dec_2025,20251010,90.52
39_wajo_sep_dec_2025,20251011,62.14
39_wajo_sep_dec_2025,20251015,100.0
39_wajo_sep_dec_2025,20251016,91.53
39_wajo_sep_dec_2025,20251021,100.0
39_wajo_sep_dec_2025,20251022,90.64
39_wajo_sep_dec_2025,20251023,61.75
39_wajo_sep_dec_2025,20251027,99.99
39_wajo_sep_dec_2025,20251028,91.57
39_wajo_sep_dec_2025,20251102,100.0
39_wajo_sep_dec_2025,20251103,90.58
39_wajo_sep_dec_2025,20251104,61.73
39_wajo_sep_dec_2025,20251108,99.99
39_wajo_sep_dec_2025,20251109,91.54
39_wajo_sep_dec_2025,20251114,100.0
39_wajo_sep_dec_2025,20251115,90.77
39_wajo_sep_dec_2025,20251120,100.0
39_wajo_sep_dec_2025,20251121,91.85
39_wajo_sep_dec_2025,20251126,100.0
39_wajo_sep_dec_2025,20251127,90.58
39_wajo_sep_dec_2025,20251128,61.72
39_wajo_sep_dec_2025,20251202,100.0
39_wajo_sep_dec_2025,20251203,91.58
39_wajo_sep_dec_2025,20251208,99.99
39_wajo_sep_dec_2025,20251209,90.51
39_wajo_sep_dec_2025,20251210,61.9
39_wajo_sep_dec_2025,20251214,99.99
39_wajo_sep_dec_2025,20251215,91.47
39_wajo_sep_dec_2025,20251220,100.0
39_wajo_sep_dec_2025,20251221,90.53
39_wajo_sep_dec_2025,20251222,61.78
39_wajo_sep_dec_2025,20251226,99.99
39_wajo_sep_dec_2025,20251227,91.54
